[
  {
    "name": "background1",
    "url": "/images/backgrounds/background1.png"
  },
  {
    "name": "background2",
    "url": "/images/backgrounds/background2.png"
  },
  {
    "name": "background3",
    "url": "/images/backgrounds/background3.png"
  },
  {
    "name": "background4",
    "url": "/images/backgrounds/background4.png"
  },
  {
    "name": "background5",
    "url": "/images/backgrounds/background5.png"
  },
  {
    "name": "background6",
    "url": "/images/backgrounds/background6.png"
  },
  {
    "name": "background7",
    "url": "/images/backgrounds/background7.png"
  },
  {
    "name": "background8",
    "url": "/images/backgrounds/background8.png"
  },
  {
    "name": "background9",
    "url": "/images/backgrounds/background9.png"
  },
  {
    "name": "background10",
    "url": "/images/backgrounds/background10.png"
  },
  {
    "name": "background11",
    "url": "/images/backgrounds/background11.png"
  }
]
